Time, Size
7.09632, 1024
8.10897, 2048
10.1465, 4096
12.2178, 8192
21.6061, 16384
32.8877, 32768
57.385, 65536
65.6985, 131072
103.217, 262144
302.146, 524288
558.515, 1048576
1102.62, 2097152
2311.29, 4194304
4137.33, 8388608
9071.54, 16777216
12968.6, 33554432
35018.2, 67108864
